x,y
-183.80003356933594,80.20000457763672
-183.80030822753906,79.65316772460938
-183.80067443847656,78.9281005859375
-183.80120849609375,78.11731719970703
-183.8018341064453,77.096923828125
-183.8028106689453,75.86647033691406
-183.80406188964844,74.46944427490234
-183.80560302734375,72.88971710205078
-183.80747985839844,71.17595672607422
-183.80978393554688,69.26957702636719
-183.8131561279297,66.76244354248047
-183.81637573242188,64.57596588134766
-183.8201446533203,62.24091720581055
-183.8243865966797,59.78763198852539
-183.82931518554688,57.17136764526367
-183.83604431152344,53.847816467285156
-183.8423614501953,50.96610641479492
-183.84947204589844,47.931697845458984
-183.8575897216797,44.65648651123047
-183.86630249023438,41.37314987182617
-183.87628173828125,37.81289291381836
-183.88925170898438,33.482322692871094
-183.90138244628906,29.659069061279297
-183.9147491455078,25.669628143310547
-183.9290313720703,21.595468521118164
-183.94393920898438,17.571409225463867
-183.95985412597656,13.454374313354492
-183.9811248779297,8.214786529541016
-184.0002899169922,3.710904359817505
-184.02520751953125,-1.8751816749572754
-184.04653930664062,-6.4604339599609375
-184.06991577148438,-11.291801452636719
-184.09426879882812,-16.13814353942871
-184.1203155517578,-21.141759872436523
-184.15240478515625,-27.074676513671875
-184.18109130859375,-32.18939971923828
-184.2108917236328,-37.337486267089844
-184.2435760498047,-42.801048278808594
-184.2810516357422,-48.86802291870117
-184.3229217529297,-55.38065719604492
-184.36453247070312,-61.4564094543457
-184.41102600097656,-67.79261779785156
-184.4628143310547,-74.36988067626953
-184.52659606933594,-82.04801940917969
-184.57720947265625,-88.05500793457031
-184.63331604003906,-94.90721130371094
-184.68112182617188,-101.27020263671875
-184.72015380859375,-107.26907348632812
-184.74546813964844,-111.86569213867188
-184.7644805908203,-116.05411529541016
-184.78038024902344,-120.64473724365234
-184.7899932861328,-124.3660888671875
-184.7974395751953,-127.95057678222656
-184.80325317382812,-131.4040985107422
-184.80923461914062,-135.35012817382812
-184.8144073486328,-139.20704650878906
-184.81942749023438,-143.11166381835938
-184.80740356445312,-147.10946655273438
-184.58160400390625,-151.2841033935547
-184.21299743652344,-155.55810546875
-183.8592071533203,-159.08453369140625
-183.4017791748047,-163.49012756347656
-182.9329071044922,-167.98727416992188
-182.38145446777344,-172.69366455078125
-181.83004760742188,-176.65603637695312
-180.9779815673828,-181.23228454589844
-179.9589385986328,-185.04241943359375
-178.72830200195312,-188.6383514404297
-177.3160858154297,-192.28707885742188
-175.81536865234375,-196.019775390625
-174.231689453125,-199.92811584472656
-172.65792846679688,-203.8134307861328
-171.0609893798828,-207.76263427734375
-169.34754943847656,-212.0060272216797
-167.62982177734375,-216.26470947265625
-165.8944854736328,-220.57058715820312
-164.1809539794922,-224.82522583007812
-161.97369384765625,-230.3099822998047
-160.10340881347656,-234.96075439453125
-158.21011352539062,-239.6718292236328
-156.23789978027344,-244.58253479003906
-153.84088134765625,-250.5554962158203
-151.8248748779297,-255.58274841308594
-149.69940185546875,-260.88671875
-147.16847229003906,-267.2073669433594
-145.06288146972656,-272.4697265625
-143.05311584472656,-277.98193359375
-141.26292419433594,-284.15435791015625
-140.27450561523438,-288.9769592285156
-139.656982421875,-293.9949035644531
-139.52259826660156,-299.63702392578125
-139.8549346923828,-304.4369201660156
-140.29673767089844,-308.0970153808594
-140.78016662597656,-311.5282287597656
-141.3259735107422,-315.1133117675781
-141.79112243652344,-317.80657958984375
-142.24635314941406,-320.47161865234375
-142.65692138671875,-323.0595703125
-143.08154296875,-325.8096008300781
-143.58555603027344,-329.1574401855469
-144.0823211669922,-332.5003967285156
-144.61434936523438,-336.0130920410156
-145.15599060058594,-339.1361999511719
-145.91409301757812,-342.8049011230469
-146.85751342773438,-346.42059326171875
-148.10211181640625,-350.2980041503906
-149.52757263183594,-354.2973327636719
-151.0878448486328,-358.40924072265625
-152.5553436279297,-361.94647216796875
-154.34649658203125,-366.0367431640625
-155.9859619140625,-369.6951599121094
-157.71047973632812,-373.26971435546875
-160.08094787597656,-377.9189453125
-162.25900268554688,-382.04815673828125
-164.4630584716797,-386.1839904785156
-166.7006072998047,-390.3711242675781
-168.88525390625,-394.45703125
-171.1842803955078,-398.7567138671875
-173.70095825195312,-403.4631042480469
-175.9624786376953,-407.73260498046875
-178.0543670654297,-412.04705810546875
-179.92543029785156,-416.23931884765625
-181.3253936767578,-419.6348876953125
-182.68304443359375,-423.22021484375
-183.67608642578125,-426.21148681640625
-184.5281219482422,-429.4818115234375
-185.2502899169922,-432.7152099609375
-185.8592987060547,-435.6472473144531
-186.3963165283203,-438.2770690917969
-186.9970703125,-441.2244567871094
-187.61306762695312,-444.2427673339844
-188.2355194091797,-447.2886962890625
-188.9680633544922,-450.86956787109375
-189.63668823242188,-454.1351013183594
-190.320556640625,-457.47320556640625
-190.93019104003906,-460.447265625
-191.64454650878906,-463.930419921875
-192.3598175048828,-467.41607666015625
-193.12228393554688,-471.12945556640625
-193.8815460205078,-474.8254699707031
-194.67779541015625,-478.69873046875
-195.4846954345703,-482.62139892578125
-196.29891967773438,-486.5768737792969
-197.0320587158203,-490.1358337402344
-197.86788940429688,-494.34814453125
-198.71939086914062,-498.9179992675781
-199.4089813232422,-502.7830810546875
-200.04937744140625,-506.45147705078125
-200.68785095214844,-510.1418762207031
-201.3216094970703,-513.8142700195312
-201.95545959472656,-517.4879760742188
-202.59255981445312,-521.1787109375
-203.22189331054688,-524.8228149414062
-203.95620727539062,-529.0725708007812
-204.62014770507812,-532.9132080078125
-205.27267456054688,-536.6859130859375
-206.0218963623047,-541.0151977539062
-206.6935272216797,-544.894287109375
-207.39450073242188,-548.9404296875
-208.18942260742188,-553.5258178710938
-208.83010864257812,-557.2183837890625
-209.63967895507812,-561.8812255859375
-210.3656463623047,-566.0592651367188
-211.11453247070312,-570.3659057617188
-211.78599548339844,-575.3560180664062
-212.14051818847656,-579.6588134765625
-212.27903747558594,-583.7780151367188
-212.2867889404297,-587.5935668945312
-212.24017333984375,-591.501953125
-212.16940307617188,-595.7785034179688
-212.10134887695312,-599.6876220703125
-212.034912109375,-603.5299682617188
-211.96954345703125,-607.3733520507812
-211.89637756347656,-611.7306518554688
-211.82081604003906,-616.2802734375
-211.7519073486328,-620.4647216796875
-211.67454528808594,-625.2026977539062
-211.60247802734375,-629.6575317382812
-211.5313262939453,-634.0946655273438
-211.4530029296875,-639.0210571289062
-211.3824920654297,-643.4716796875
-211.29876708984375,-648.2840576171875
-211.1178436279297,-653.3901977539062
-210.9239959716797,-657.2955932617188
-210.59356689453125,-661.1900024414062
-210.1216583251953,-664.3890380859375
-209.48843383789062,-667.1294555664062
-208.75135803222656,-669.4623413085938
-207.93617248535156,-671.483642578125
-207.12249755859375,-673.241455078125
-206.28201293945312,-675.0028686523438
-205.42828369140625,-676.786376953125
-204.39991760253906,-678.9373168945312
-203.5321807861328,-680.7544555664062
-202.36135864257812,-683.2080078125
-201.26226806640625,-685.5125732421875
-199.9906768798828,-688.1797485351562
-198.78384399414062,-690.7120361328125
-197.36959838867188,-693.2678833007812
-195.77053833007812,-695.7797241210938
-194.379638671875,-697.8211059570312
-192.9978485107422,-699.8094482421875
-191.58363342285156,-701.6813354492188
-190.0020294189453,-703.6175537109375
-188.20489501953125,-705.5720825195312
-186.23915100097656,-707.5853271484375
-184.3597412109375,-709.2246704101562
-182.26815795898438,-710.4459838867188
-180.28558349609375,-711.1119384765625
-178.087646484375,-711.3975830078125
-175.73252868652344,-711.4868774414062
-173.29739379882812,-711.6784057617188
-170.88134765625,-712.146240234375
-168.4269561767578,-712.6821899414062
-165.77029418945312,-713.2452392578125
-162.88697814941406,-713.724853515625
-159.79058837890625,-714.1824340820312
-157.07272338867188,-714.4347534179688
-154.2200469970703,-714.6295166015625
-150.58740234375,-714.5670776367188
-146.64291381835938,-714.1769409179688
-143.34437561035156,-713.5614013671875
-139.7128143310547,-712.6806640625
-136.07289123535156,-711.510986328125
-132.37449645996094,-709.8409423828125
-128.31776428222656,-707.240234375
-125.57202911376953,-704.8680419921875
-123.48885345458984,-702.601318359375
-121.45079040527344,-699.6888427734375
-120.03012084960938,-696.6683349609375
-119.18089294433594,-693.775634765625
-118.61415100097656,-690.9482421875
-118.0793685913086,-688.115234375
-117.45743560791016,-685.70458984375
-116.78773498535156,-682.6431884765625
-116.20508575439453,-679.4390258789062
-115.65387725830078,-676.1049194335938
-115.11701965332031,-672.7353515625
-114.67332458496094,-669.0745239257812
-114.29119110107422,-665.4154052734375
-114.03572845458984,-661.6105346679688
-113.87216186523438,-657.7355346679688
-113.75730895996094,-653.7080688476562
-113.78892517089844,-648.8230590820312
-113.8955078125,-644.7501831054688
-114.04943084716797,-640.2554931640625
-114.28389739990234,-635.9423217773438
-114.65342712402344,-631.3718872070312
-115.08869171142578,-626.9823608398438
-115.68575286865234,-622.36376953125
-116.71742248535156,-616.759765625
-117.74540710449219,-612.2516479492188
-119.12255859375,-606.7107543945312
-120.51567077636719,-601.2584838867188
-121.91342163085938,-595.8104248046875
-123.37289428710938,-590.1132202148438
-124.5126724243164,-585.2787475585938
-125.54830169677734,-579.2124633789062
-126.27009582519531,-572.4581298828125
-126.67935943603516,-566.4572143554688
-127.0481185913086,-560.5000610351562
-127.4355697631836,-553.6275024414062
-127.51299285888672,-548.2927856445312
-127.3227767944336,-543.1995849609375
-126.8316879272461,-538.4030151367188
-125.91378021240234,-533.5009155273438
-124.70166015625,-528.9796752929688
-123.2805404663086,-524.4684448242188
-121.83707427978516,-519.7211303710938
-120.4864501953125,-514.981689453125
-118.93605041503906,-509.2435302734375
-117.65672302246094,-504.4084777832031
-116.05704498291016,-498.33154296875
-114.48678588867188,-492.3655700683594
-113.21021270751953,-487.6097106933594
-111.80075073242188,-483.1971740722656
-110.24383544921875,-479.22174072265625
-108.18717193603516,-475.0396423339844
-105.93231964111328,-471.4912414550781
-104.05689239501953,-469.21142578125
-101.76129913330078,-467.0455017089844
-99.49933624267578,-465.52490234375
-97.32063293457031,-464.5390930175781
-95.67642974853516,-464.070068359375
-93.80878448486328,-463.55126953125
-91.88457489013672,-463.05029296875
-90.14420318603516,-462.5968322753906
-88.2620620727539,-462.1053771972656
-85.94165802001953,-461.498779296875
-83.42210388183594,-460.84014892578125
-81.19029235839844,-460.2567138671875
-78.83419036865234,-459.7904968261719
-75.79984283447266,-459.3875427246094
-72.57823944091797,-459.0377502441406
-69.76910400390625,-458.7521057128906
-66.2952651977539,-458.6588134765625
-63.00715255737305,-458.8206787109375
-60.06863784790039,-459.1629638671875
-57.41385269165039,-459.6116943359375
-54.91658401489258,-460.4220886230469
-52.8820686340332,-461.2366027832031
-50.741477966308594,-462.5441589355469
-48.968441009521484,-463.9411926269531
-47.310062408447266,-465.4610900878906
-45.98336410522461,-467.1302185058594
-44.88220977783203,-468.81182861328125
-44.00849151611328,-470.70819091796875
-43.311771392822266,-472.278076171875
-42.53196716308594,-473.90814208984375
-41.4511604309082,-475.8680419921875
-40.47701644897461,-477.65045166015625
-39.540523529052734,-479.7193908691406
-38.52427291870117,-482.14508056640625
-37.61298370361328,-484.8898010253906
-36.80389404296875,-487.6758117675781
-36.15809631347656,-490.6101989746094
-35.74806213378906,-493.7560119628906
-35.52479553222656,-496.91900634765625
-35.39056396484375,-500.2676086425781
-35.29042434692383,-503.6852111816406
-35.19815444946289,-507.191162109375
-35.12164306640625,-510.33831787109375
-35.07255935668945,-514.5875244140625
-35.058929443359375,-518.2877197265625
-35.13985061645508,-522.227294921875
-35.39930725097656,-526.0858764648438
-35.8421516418457,-530.4793090820312
-36.374427795410156,-535.0579833984375
-36.91563034057617,-539.55029296875
-37.41888427734375,-543.7013549804688
-37.91409683227539,-547.7855224609375
-38.483848571777344,-552.48681640625
-39.07068634033203,-557.3287353515625
-39.64875793457031,-562.0947875976562
-40.144935607910156,-566.9805297851562
-40.414730072021484,-571.3870849609375
-40.48541259765625,-575.0491333007812
-40.38507843017578,-579.3392333984375
-40.048583984375,-582.5678100585938
-39.552738189697266,-585.6009521484375
-38.64456558227539,-588.761962890625
-37.542442321777344,-591.59228515625
-36.40542984008789,-593.9020385742188
-35.10540008544922,-596.3656005859375
-33.94707107543945,-598.5907592773438
-32.92388916015625,-600.5377807617188
-31.463226318359375,-603.0665283203125
-30.064382553100586,-605.4451904296875
-28.82632064819336,-607.537841796875
-27.12606430053711,-610.4095458984375
-25.603073120117188,-612.9828491210938
-24.003183364868164,-615.6873779296875
-22.1048526763916,-618.8787841796875
-20.361595153808594,-621.780517578125
-18.409372329711914,-625.0155029296875
-16.586145401000977,-628.0336303710938
-14.711393356323242,-631.1371459960938
-12.769003868103027,-634.328125
-10.762929916381836,-637.28076171875
-8.481949806213379,-640.2174682617188
-6.5138139724731445,-642.4301147460938
-4.577219009399414,-644.3311767578125
-2.867724895477295,-645.8792724609375
-0.9068988561630249,-647.6160888671875
0.8405686020851135,-649.1578369140625
2.664874792098999,-650.7680053710938
5.068187713623047,-652.8908081054688
7.30950927734375,-654.8719482421875
9.96778392791748,-657.2230224609375
12.412784576416016,-659.3861083984375
14.934378623962402,-661.6177368164062
17.58477020263672,-663.9453125
20.313583374023438,-666.0254516601562
23.578369140625,-668.2415771484375
26.42083168029785,-669.89794921875
29.287748336791992,-671.459228515625
32.27889633178711,-673.0476684570312
35.297977447509766,-674.6094360351562
38.5551872253418,-676.1504516601562
41.446311950683594,-677.467041015625
44.39004135131836,-678.7749633789062
48.05104446411133,-680.2250366210938
51.941688537597656,-681.5299682617188
55.51325607299805,-682.582275390625
59.2774543762207,-683.6199340820312
63.08064270019531,-684.6470336914062
66.96028137207031,-685.6749267578125
71.51310729980469,-686.7846069335938
75.7413101196289,-687.7587890625
80.48090362548828,-688.7279052734375
84.2911605834961,-689.36083984375
87.8539047241211,-689.6849975585938
91.22869110107422,-689.6524658203125
94.39962005615234,-689.2802124023438
97.0355453491211,-688.5762939453125
99.85222625732422,-687.481689453125
102.23403930664062,-686.5795288085938
104.9583969116211,-686.0382080078125
107.72626495361328,-685.7769165039062
110.64359283447266,-685.647705078125
114.09638214111328,-685.4205322265625
116.71826934814453,-685.0977783203125
120.02877807617188,-684.603515625
122.83419799804688,-684.1580810546875
126.48599243164062,-683.5521240234375
130.21060180664062,-682.841064453125
133.9832763671875,-682.0769653320312
138.45782470703125,-680.8761596679688
141.80775451660156,-679.658203125
145.7896728515625,-677.8887329101562
149.3709259033203,-676.0953979492188
153.599853515625,-673.9461059570312
157.95541381835938,-671.8488159179688
161.74742126464844,-670.09375
166.34173583984375,-667.8699951171875
171.12660217285156,-665.4583740234375
174.98403930664062,-663.4178466796875
178.84500122070312,-661.1539916992188
183.44476318359375,-658.2105102539062
188.1204833984375,-655.0418701171875
192.0777130126953,-652.3073120117188
196.92385864257812,-648.9420166015625
200.9904022216797,-646.0912475585938
205.86627197265625,-642.6351928710938
210.87640380859375,-639.057373046875
216.32781982421875,-635.1578979492188
221.77818298339844,-631.2648315429688
227.4939727783203,-627.190673828125
233.23667907714844,-623.1043090820312
239.45083618164062,-618.68798828125
245.62109375,-614.3072509765625
251.6107177734375,-610.235107421875
257.6941833496094,-606.406494140625
263.6778564453125,-603.0712280273438
269.36871337890625,-600.3565673828125
275.32196044921875,-598.0427856445312
280.7727966308594,-596.3921508789062
286.7904357910156,-595.1138305664062
292.046875,-594.3871459960938
296.9572448730469,-594.026123046875
301.2477722167969,-593.898681640625
304.5443420410156,-594.0682373046875
307.79302978515625,-594.5175170898438
310.4850769042969,-595.2064819335938
312.5198669433594,-595.931396484375
314.53240966796875,-596.9112548828125
316.257568359375,-597.891357421875
318.3285217285156,-598.8329467773438
320.3082275390625,-599.3005981445312
322.267333984375,-599.6644897460938
324.2454528808594,-600.0033569335938
326.64190673828125,-600.5526733398438
329.3922119140625,-601.099853515625
331.8513488769531,-601.1882934570312
334.4451599121094,-601.0669555664062
337.2295227050781,-600.96484375
340.0269775390625,-600.9998168945312
342.7838134765625,-601.1725463867188
346.1398010253906,-601.562744140625
349.2331237792969,-602.1195678710938
352.61651611328125,-603.0114135742188
355.770263671875,-604.138427734375
359.1221008300781,-605.5374755859375
362.5623779296875,-607.0977783203125
365.7610778808594,-608.6664428710938
369.03472900390625,-610.3251342773438
372.69818115234375,-612.2144775390625
376.3807678222656,-614.16943359375
379.6435546875,-615.9261474609375
383.467529296875,-617.998046875
387.50897216796875,-620.1921997070312
391.0516357421875,-622.1165161132812
394.5920104980469,-624.0401000976562
398.5422058105469,-626.1864013671875
402.6007080078125,-628.3920288085938
406.6858215332031,-630.5281982421875
410.3323669433594,-632.0607299804688
414.694091796875,-633.4862060546875
418.43450927734375,-634.2911987304688
422.0292053222656,-634.6500854492188
425.3908996582031,-634.6618041992188
428.3689270019531,-634.6119995117188
430.8815002441406,-634.5284423828125
433.0021667480469,-634.427978515625
434.7571105957031,-634.3221435546875
436.5995178222656,-634.206298828125
438.77008056640625,-634.0693359375
440.955810546875,-633.9317626953125
443.28369140625,-633.7857055664062
445.7405700683594,-633.6319580078125
448.3271484375,-633.4705200195312
451.0169372558594,-633.3028564453125
453.60595703125,-633.141845703125
456.4982604980469,-632.9622802734375
459.5408020019531,-632.773681640625
462.69482421875,-632.5785522460938
465.61962890625,-632.28369140625
468.794677734375,-631.612548828125
472.4239807128906,-630.5847778320312
475.76409912109375,-629.5274047851562
479.1544494628906,-628.425048828125
482.26678466796875,-627.2405395507812
485.87554931640625,-625.689697265625
489.5083923339844,-623.8505859375
493.1772155761719,-621.8421020507812
496.5301818847656,-619.9484252929688
500.4766540527344,-617.6751708984375
503.82415771484375,-615.5374755859375
507.1761474609375,-613.2147216796875
510.8741149902344,-610.25830078125
514.1624145507812,-607.3716430664062
517.44921875,-604.3510131835938
520.4151611328125,-601.5621948242188
524.0555419921875,-598.0144653320312
527.4158325195312,-594.6488037109375
530.650634765625,-591.0191040039062
533.4373779296875,-587.4820556640625
536.1254272460938,-583.58251953125
538.9500122070312,-578.9804077148438
541.2239990234375,-574.5806274414062
542.9515991210938,-570.4358520507812
544.3919067382812,-565.9779052734375
545.5224609375,-561.2750854492188
546.4150390625,-556.4415283203125
547.2744140625,-550.8239135742188
547.765869140625,-546.1549682617188
547.9750366210938,-541.0064086914062
547.7880859375,-536.4197998046875
547.2955932617188,-532.84228515625
546.5392456054688,-529.3604125976562
545.5839233398438,-526.0606689453125
544.5332641601562,-522.7630004882812
543.4300537109375,-519.39306640625
542.3550415039062,-516.1240844726562
541.0439453125,-512.1318359375
539.6806640625,-507.9719543457031
538.5381469726562,-504.4814453125
537.3589477539062,-500.8758850097656
535.8907470703125,-496.45849609375
534.4480590820312,-492.7164611816406
532.6991577148438,-488.7593688964844
530.6962890625,-484.6968994140625
528.586669921875,-480.6502685546875
526.3857421875,-476.5041198730469
524.1148071289062,-472.3717346191406
521.5217895507812,-468.17999267578125
518.615478515625,-463.9158935546875
515.588134765625,-459.7183837890625
512.5443725585938,-455.5823974609375
509.397216796875,-451.3274841308594
506.1131591796875,-447.17877197265625
502.4446105957031,-443.0036926269531
498.3681945800781,-438.9306640625
493.9407958984375,-435.0306396484375
489.2457275390625,-431.2991943359375
483.8348083496094,-427.2244567871094
478.2322692871094,-423.0626525878906
472.6004638671875,-419.09033203125
466.6755676269531,-415.4358215332031
460.10650634765625,-412.03753662109375
453.565185546875,-409.2452392578125
446.92816162109375,-406.9704895019531
440.1882019042969,-405.1135559082031
433.51995849609375,-403.4195556640625
427.39959716796875,-401.8092346191406
421.2655334472656,-400.1476745605469
414.81829833984375,-398.4167785644531
406.8594970703125,-396.33306884765625
400.5184326171875,-394.6990051269531
394.03173828125,-393.03704833984375
387.3609619140625,-391.33038330078125
380.707763671875,-389.6273498535156
373.9789123535156,-387.903076171875
367.13568115234375,-386.1471862792969
360.4860534667969,-384.4388732910156
352.40948486328125,-382.3613586425781
345.5202331542969,-380.5870666503906
338.57464599609375,-378.79638671875
331.3634948730469,-376.9351806640625
322.86627197265625,-374.7394714355469
314.4466857910156,-372.56109619140625
307.146484375,-370.6701354980469
298.4759216308594,-368.421630859375
290.0347595214844,-366.22979736328125
281.74017333984375,-364.07330322265625
273.2712707519531,-361.8299865722656
265.2251892089844,-359.6293029785156
257.2414855957031,-357.35748291015625
249.83546447753906,-355.01214599609375
242.80645751953125,-352.4525451660156
236.20716857910156,-349.64691162109375
230.0609130859375,-346.6465148925781
224.1307373046875,-343.6729736328125
218.6532745361328,-340.9497985839844
213.12057495117188,-338.4067077636719
206.91909790039062,-335.6037292480469
202.33197021484375,-333.4798889160156
196.9232177734375,-330.9070129394531
190.46229553222656,-327.7795715332031
185.037353515625,-325.1337890625
179.48468017578125,-322.3987121582031
173.61996459960938,-319.3310241699219
167.78646850585938,-316.0813903808594
162.04347229003906,-312.73602294921875
156.42955017089844,-309.3957214355469
150.8532257080078,-305.90863037109375
145.2182159423828,-301.98529052734375
139.9506072998047,-297.7787780761719
135.16209411621094,-293.4111022949219
131.0358428955078,-289.05914306640625
127.16795349121094,-284.2096862792969
123.85564422607422,-279.2230224609375
121.02137756347656,-274.1511535644531
118.35865783691406,-268.7795715332031
115.86698913574219,-263.45623779296875
113.3842544555664,-258.2957458496094
110.92951965332031,-253.3969268798828
108.55963897705078,-248.85931396484375
106.38167572021484,-244.8179168701172
104.38396453857422,-241.1926727294922
102.37517547607422,-237.56393432617188
100.38927459716797,-233.95225524902344
98.38768005371094,-230.13172912597656
96.55435180664062,-226.44122314453125
95.12422943115234,-223.4247589111328
93.52017974853516,-219.7689208984375
91.92674255371094,-215.9651641845703
90.6539535522461,-212.6591033935547
89.33573150634766,-208.56015014648438
88.22444152832031,-204.04505920410156
87.36018371582031,-198.674072265625
86.81438446044922,-193.81871032714844
86.4961929321289,-188.62655639648438
86.43968200683594,-183.66574096679688
86.73529815673828,-177.96240234375
87.20305633544922,-172.95761108398438
87.82826232910156,-167.63197326660156
88.63265228271484,-162.06333923339844
89.6001968383789,-156.59149169921875
91.02677154541016,-150.95303344726562
92.95108032226562,-145.391845703125
95.46267700195312,-139.8118133544922
98.37030792236328,-134.47483825683594
101.01041412353516,-130.0770721435547
104.32286834716797,-124.73395538330078
107.74609375,-119.33109283447266
111.721435546875,-113.86062622070312
115.25821685791016,-109.69081115722656
119.62100219726562,-105.27864074707031
124.01678466796875,-101.52337646484375
128.38648986816406,-98.32892608642578
132.952880859375,-95.4020004272461
137.56248474121094,-92.92822265625
141.49530029296875,-91.12452697753906
146.99075317382812,-88.9552001953125
151.8669891357422,-87.11865997314453
156.96299743652344,-85.13211059570312
161.34475708007812,-83.35972595214844
167.09893798828125,-80.98551940917969
172.37852478027344,-78.83445739746094
177.70437622070312,-77.06105041503906
183.47415161132812,-75.6391830444336
189.31466674804688,-74.71513366699219
194.76890563964844,-74.26732635498047
199.974609375,-74.14619445800781
205.01165771484375,-74.2724838256836
210.0096893310547,-74.76117706298828
214.88589477539062,-75.5426254272461
220.3430938720703,-76.66753387451172
225.93679809570312,-77.82977294921875
231.8382110595703,-78.9892349243164
236.85995483398438,-79.93818664550781
242.3252410888672,-80.80817413330078
247.5589599609375,-81.4404067993164
253.7040557861328,-81.97063446044922
259.1992492675781,-82.34423828125
264.90155029296875,-82.69609069824219
270.7198181152344,-83.04563903808594
277.3948059082031,-83.4474105834961
283.8916015625,-83.8415298461914
289.2888488769531,-84.15253448486328
294.6127014160156,-84.43018341064453
299.64532470703125,-84.66358184814453
305.44073486328125,-84.90845489501953
310.97247314453125,-84.99878692626953
315.9100036621094,-84.93128967285156
321.78985595703125,-84.67459869384766
327.8326416015625,-84.14498901367188
333.85247802734375,-83.38169860839844
340.00152587890625,-82.3927230834961
345.4072265625,-81.40969848632812
351.7535095214844,-80.16071319580078
358.21295166015625,-78.55967712402344
364.5256652832031,-76.58141326904297
370.7239685058594,-74.17897033691406
376.9833984375,-71.34137725830078
383.4864807128906,-68.11273956298828
388.8591003417969,-65.09078216552734
394.96783447265625,-61.115272521972656
400.6537780761719,-56.77704620361328
405.3513488769531,-52.71378707885742
410.60443115234375,-47.750614166259766
415.97967529296875,-42.46856689453125
421.3171081542969,-37.141361236572266
426.5826721191406,-31.449913024902344
431.45172119140625,-25.64204978942871
435.65472412109375,-20.1680908203125
440.2245178222656,-13.852514266967773
444.8634948730469,-7.250400066375732
448.96978759765625,-1.355989933013916
453.5687255859375,5.248146057128906
458.29779052734375,12.026853561401367
462.3704528808594,17.853721618652344
467.33905029296875,24.95232582092285
471.4176940917969,30.77330207824707
476.4526062011719,37.95354461669922
481.44256591796875,45.06482696533203
486.39215087890625,52.11418151855469
491.3780822753906,59.21106719970703
496.2998046875,66.21229553222656
501.29840087890625,73.31876373291016
506.2408142089844,80.38512420654297
511.2259216308594,87.71198272705078
515.8282470703125,94.73043823242188
520.5962524414062,102.30194854736328
524.4550170898438,108.8099594116211
528.4749145507812,116.31159973144531
531.6283569335938,122.98477935791016
534.4346923828125,129.62960815429688
537.3329467773438,137.1245880126953
539.8612670898438,143.9937286376953
542.2291870117188,150.56459045410156
544.8597412109375,158.34999084472656
547.0020751953125,165.5611114501953
548.7723999023438,173.14385986328125
549.7939453125,179.7078857421875
550.2962036132812,186.27267456054688
550.2713623046875,192.54226684570312
549.7362060546875,198.76878356933594
548.9747314453125,204.67385864257812
548.3290405273438,210.52825927734375
547.9046020507812,216.34097290039062
547.6288452148438,222.1827850341797
547.5292358398438,227.9466552734375
547.7062377929688,234.7982177734375
548.1693725585938,241.49655151367188
548.7824096679688,248.21791076660156
549.1798095703125,254.39547729492188
549.3583984375,262.0933837890625
549.2332763671875,268.3201599121094
548.7553100585938,275.30535888671875
547.9472045898438,282.4018249511719
546.8707275390625,289.7119445800781
545.781494140625,296.73956298828125
544.8504638671875,303.604248046875
544.0968627929688,310.49462890625
543.5715942382812,316.5908508300781
543.1437377929688,323.2623291015625
542.9069213867188,328.1669921875
542.405029296875,333.7591857910156
541.5321044921875,338.9747314453125
540.1007080078125,343.94964599609375
538.3345336914062,348.1865234375
535.9353637695312,352.4117126464844
533.776611328125,355.4742431640625
530.8057250976562,359.0040283203125
527.4608764648438,362.3185119628906
523.624267578125,365.5162658691406
519.1571044921875,368.65643310546875
514.6659545898438,371.4928283691406
510.5309143066406,373.9874572753906
506.1119079589844,376.35211181640625
500.9476013183594,378.5592041015625
496.2215881347656,380.1008605957031
490.2945861816406,381.4367370605469
485.0484313964844,382.190185546875
479.4875793457031,382.7492980957031
473.5548400878906,383.1446838378906
467.49810791015625,383.2063903808594
461.5231018066406,382.8478088378906
454.9602355957031,381.95794677734375
449.38897705078125,380.86322021484375
443.8315124511719,379.5832824707031
436.6970520019531,377.8409729003906
429.9974060058594,375.95452880859375
424.1715087890625,373.8588562011719
418.0603942871094,371.125732421875
412.0107421875,367.77099609375
406.48138427734375,364.0830078125
401.2877502441406,360.0807800292969
396.6326599121094,356.12786865234375
392.2945251464844,352.1388244628906
388.6355895996094,348.2186584472656
385.46923828125,344.08819580078125
382.99365234375,340.0121154785156
381.2205810546875,336.0792541503906
379.80035400390625,332.05523681640625
378.3330078125,327.97332763671875
376.55987548828125,323.8180847167969
374.6504211425781,319.59478759765625
373.1291809082031,315.3826904296875
371.8762512207031,311.00341796875
370.8296813964844,306.28546142578125
370.0658874511719,301.5624084472656
369.4407043457031,296.5653381347656
368.8845520019531,291.4097900390625
368.54534912109375,286.1415100097656
368.5879211425781,280.7002868652344
368.97198486328125,275.52642822265625
369.5994567871094,270.16326904296875
370.49053955078125,263.54168701171875
371.496826171875,256.4476623535156
372.35736083984375,250.8462677001953
373.2713317871094,245.24432373046875
374.28460693359375,239.21871948242188
375.29541015625,233.27291870117188
376.3369140625,227.15773010253906
377.2686767578125,221.0908966064453
377.877685546875,214.5185089111328
377.96484375,208.62667846679688
377.62396240234375,202.75152587890625
376.8645935058594,197.34271240234375
375.7408142089844,192.3900604248047
374.2066345214844,187.60806274414062
372.44061279296875,183.51828002929688
370.4340515136719,179.9544219970703
368.30389404296875,176.9544677734375
366.06195068359375,174.3004608154297
363.95849609375,172.15402221679688
362.0124816894531,170.37005615234375
360.1368408203125,168.80105590820312
358.221435546875,167.25071716308594
356.28533935546875,165.69276428222656
354.32391357421875,164.11488342285156
352.25396728515625,162.44895935058594
349.63916015625,160.3440704345703
347.5170593261719,158.63587951660156
344.4437561035156,156.37307739257812
341.9066467285156,154.61138916015625
338.57037353515625,152.34539794921875
335.9449462890625,150.5797576904297
333.1101989746094,148.90379333496094
329.40142822265625,146.9501495361328
325.67010498046875,145.2291717529297
321.8191223144531,143.61607360839844
317.8529357910156,142.03382873535156
313.9599609375,140.50892639160156
309.9254150390625,139.1943359375
305.6913757324219,138.12918090820312
300.7233581542969,137.20718383789062
295.5499267578125,136.41592407226562
291.08648681640625,135.8715362548828
285.75738525390625,135.70437622070312
281.2787780761719,135.9334259033203
276.3067321777344,136.55784606933594
271.9880676269531,137.29473876953125
266.7286682128906,138.29122924804688
261.33453369140625,139.49407958984375
256.2038879394531,141.17697143554688
251.39578247070312,143.28683471679688
246.647216796875,146.02976989746094
242.1676483154297,149.35647583007812
238.09629821777344,153.1871795654297
234.61233520507812,157.28964233398438
231.52688598632812,161.85885620117188
228.9658203125,166.6929473876953
226.95452880859375,171.62025451660156
225.43568420410156,176.6131591796875
224.5313262939453,180.82081604003906
223.910400390625,185.78822326660156
223.77610778808594,189.77183532714844
224.03016662597656,193.7609405517578
224.5685272216797,197.22222900390625
225.44735717773438,200.5816192626953
226.65501403808594,203.84371948242188
228.10003662109375,207.15106201171875
229.65927124023438,210.5164794921875
231.2929229736328,213.99661254882812
233.03921508789062,217.6843719482422
234.9141387939453,221.31800842285156
236.93031311035156,225.02923583984375
239.02708435058594,228.78565979003906
241.3155059814453,232.85023498535156
243.58328247070312,236.86959838867188
245.99278259277344,241.13885498046875
248.34190368652344,245.30052185058594
250.70919799804688,249.49330139160156
253.5026092529297,254.43869018554688
256.4186096191406,259.6564025878906
258.5988464355469,264.1071472167969
260.5469970703125,268.91802978515625
261.96099853515625,273.712890625
262.7418212890625,277.7627868652344
263.07806396484375,281.7047119140625
262.9486083984375,286.1067810058594
262.68707275390625,289.8000183105469
262.39068603515625,293.96612548828125
261.9527587890625,297.6902160644531
261.19671630859375,302.0593566894531
260.1588134765625,306.3678894042969
259.0828857421875,310.20611572265625
257.7669982910156,314.6037292480469
256.34442138671875,319.19720458984375
254.85987854003906,323.1890869140625
252.8432159423828,327.80303955078125
250.53656005859375,332.3972473144531
248.2482147216797,336.5999450683594
245.72085571289062,340.67413330078125
242.85089111328125,344.7399597167969
239.71473693847656,348.56011962890625
236.38339233398438,352.1929931640625
232.9265899658203,355.7054748535156
229.173583984375,359.3828125
225.0965576171875,362.93115234375
220.5899200439453,366.2059020996094
215.77520751953125,369.0881652832031
210.76499938964844,371.5308532714844
205.2684783935547,373.7776794433594
199.61468505859375,375.8995361328125
193.58001708984375,378.1199645996094
187.7560272216797,380.2674255371094
182.04165649414062,382.26397705078125
175.8382568359375,384.1578369140625
169.28175354003906,385.84954833984375
162.572021484375,387.3697814941406
156.08847045898438,388.7455139160156
149.27642822265625,389.9194030761719
142.78170776367188,390.6740417480469
135.7101287841797,391.079833984375
128.69044494628906,391.1361999511719
121.5731201171875,391.0103759765625
115.53414916992188,390.8526611328125
107.21736145019531,390.6236572265625
100.17610931396484,390.4372863769531
92.39618682861328,390.241943359375
85.66452026367188,390.07958984375
78.16600036621094,389.9036560058594
70.76836395263672,389.73236083984375
63.93907165527344,389.5741271972656
57.21042251586914,389.4161682128906
49.60306930541992,389.2342834472656
43.01494598388672,389.07464599609375
35.61323928833008,388.8944091796875
28.02014923095703,388.709716796875
20.48246955871582,388.5276794433594
13.871724128723145,388.3666076660156
6.315731048583984,387.92437744140625
-0.14109580218791962,387.2091369628906
-6.304429054260254,386.18194580078125
-12.550027847290039,384.7230529785156
-18.2696590423584,382.9998779296875
-24.51702308654785,381.3141174316406
-30.004247665405273,380.4100341796875
-35.09762191772461,380.00537109375
-39.867340087890625,379.9068298339844
-44.10354995727539,380.0788269042969
-47.72249984741211,380.5025939941406
-50.95220947265625,381.11358642578125
-53.66190719604492,381.74237060546875
-56.01559829711914,382.3614501953125
-57.81940841674805,382.5586242675781
-59.01081466674805,382.4162902832031
-60.15043258666992,382.1313171386719
-61.28422546386719,381.87701416015625
-62.5748176574707,381.61669921875
-63.931575775146484,381.0762939453125
-65.23162078857422,380.2106628417969
-66.67179107666016,379.29791259765625
-68.35723114013672,378.2298889160156
-70.26129913330078,377.0254211425781
-72.18521118164062,375.8098449707031
-73.95697784423828,374.6911926269531
-76.15988159179688,373.3009948730469
-78.56480407714844,371.7840270996094
-81.1727294921875,370.1394348144531
-83.38040161132812,368.7478332519531
-86.1419906616211,367.0076599121094
-89.00900268554688,365.20172119140625
-92.07707977294922,363.2644958496094
-94.73933410644531,361.410888671875
-97.49254608154297,359.37823486328125
-100.72183990478516,356.90570068359375
-103.51459503173828,354.74505615234375
-106.9931411743164,352.04931640625
-110.60553741455078,349.224609375
-113.66344451904297,346.4881286621094
-116.55747985839844,343.57147216796875
-119.46279907226562,340.35186767578125
-122.49516296386719,336.8455810546875
-125.52986145019531,333.2929992675781
-128.76158142089844,329.5035400390625
-131.99159240722656,325.71978759765625
-135.93045043945312,321.0680847167969
-138.89724731445312,317.0892639160156
-141.30848693847656,313.4013977050781
-144.25167846679688,308.1966857910156
-146.54205322265625,303.7286071777344
-149.2866668701172,298.1652526855469
-152.01507568359375,292.5780944824219
-155.0093536376953,286.44940185546875
-158.12525939941406,279.8515319824219
-160.66981506347656,274.0261535644531
-163.18780517578125,267.8471374511719
-166.39732360839844,259.6680603027344
-169.0141143798828,252.64276123046875
-171.22740173339844,245.55067443847656
-173.0640411376953,237.97720336914062
-174.3999786376953,230.02691650390625
-175.17913818359375,222.04937744140625
-175.72015380859375,213.82640075683594
-176.37057495117188,205.71324157714844
-177.51324462890625,195.7923126220703
-178.4075164794922,187.79165649414062
-178.8977508544922,179.57167053222656
-178.85081481933594,170.7451934814453
-178.2367706298828,162.14825439453125
-177.23597717285156,153.1112823486328
-176.42111206054688,144.36122131347656
-177.99057006835938,135.49053955078125
-178.92333984375,126.4262466430664
-179.09494018554688,117.49853515625
-180.37660217285156,108.45696258544922
-181.69883728027344,99.12852478027344
-182.01315307617188,90.03083038330078
-183.80003356933594,80.20000457763672